--
-- PostgreSQL database dump
--

-- Dumped from database version 11.20
-- Dumped by pg_dump version 11.20

SET statement_timeout = 0;
SET lock_timeout = 0;
SET idle_in_transaction_session_timeout = 0;
SET client_encoding = 'UTF8';
SET standard_conforming_strings = on;
SELECT pg_catalog.set_config('search_path', '', false);
SET check_function_bodies = false;
SET xmloption = content;
SET client_min_messages = warning;
SET row_security = off;

SET default_tablespace = '';

SET default_with_oids = false;

--
-- Name: auth_group; Type: TABLE; Schema: public; Owner: vladimir
--

CREATE TABLE public.auth_group (
    id integer NOT NULL,
    name character varying(150) NOT NULL
);


ALTER TABLE public.auth_group OWNER TO vladimir;

--
-- Name: auth_group_id_seq; Type: SEQUENCE; Schema: public; Owner: vladimir
--

ALTER TABLE public.auth_group ALTER COLUMN id ADD GENERATED BY DEFAULT AS IDENTITY (
    SEQUENCE NAME public.auth_group_id_seq
    START WITH 1
    INCREMENT BY 1
    NO MINVALUE
    NO MAXVALUE
    CACHE 1
);


--
-- Name: auth_group_permissions; Type: TABLE; Schema: public; Owner: vladimir
--

CREATE TABLE public.auth_group_permissions (
    id bigint NOT NULL,
    group_id integer NOT NULL,
    permission_id integer NOT NULL
);


ALTER TABLE public.auth_group_permissions OWNER TO vladimir;

--
-- Name: auth_group_permissions_id_seq; Type: SEQUENCE; Schema: public; Owner: vladimir
--

ALTER TABLE public.auth_group_permissions ALTER COLUMN id ADD GENERATED BY DEFAULT AS IDENTITY (
    SEQUENCE NAME public.auth_group_permissions_id_seq
    START WITH 1
    INCREMENT BY 1
    NO MINVALUE
    NO MAXVALUE
    CACHE 1
);


--
-- Name: auth_permission; Type: TABLE; Schema: public; Owner: vladimir
--

CREATE TABLE public.auth_permission (
    id integer NOT NULL,
    name character varying(255) NOT NULL,
    content_type_id integer NOT NULL,
    codename character varying(100) NOT NULL
);


ALTER TABLE public.auth_permission OWNER TO vladimir;

--
-- Name: auth_permission_id_seq; Type: SEQUENCE; Schema: public; Owner: vladimir
--

ALTER TABLE public.auth_permission ALTER COLUMN id ADD GENERATED BY DEFAULT AS IDENTITY (
    SEQUENCE NAME public.auth_permission_id_seq
    START WITH 1
    INCREMENT BY 1
    NO MINVALUE
    NO MAXVALUE
    CACHE 1
);


--
-- Name: core_user; Type: TABLE; Schema: public; Owner: vladimir
--

CREATE TABLE public.core_user (
    id bigint NOT NULL,
    password character varying(128) NOT NULL,
    last_login timestamp with time zone,
    is_superuser boolean NOT NULL,
    username character varying(150) NOT NULL,
    first_name character varying(150) NOT NULL,
    last_name character varying(150) NOT NULL,
    email character varying(254) NOT NULL,
    is_staff boolean NOT NULL,
    is_active boolean NOT NULL,
    date_joined timestamp with time zone NOT NULL
);


ALTER TABLE public.core_user OWNER TO vladimir;

--
-- Name: core_user_groups; Type: TABLE; Schema: public; Owner: vladimir
--

CREATE TABLE public.core_user_groups (
    id bigint NOT NULL,
    user_id bigint NOT NULL,
    group_id integer NOT NULL
);


ALTER TABLE public.core_user_groups OWNER TO vladimir;

--
-- Name: core_user_groups_id_seq; Type: SEQUENCE; Schema: public; Owner: vladimir
--

ALTER TABLE public.core_user_groups ALTER COLUMN id ADD GENERATED BY DEFAULT AS IDENTITY (
    SEQUENCE NAME public.core_user_groups_id_seq
    START WITH 1
    INCREMENT BY 1
    NO MINVALUE
    NO MAXVALUE
    CACHE 1
);


--
-- Name: core_user_id_seq; Type: SEQUENCE; Schema: public; Owner: vladimir
--

ALTER TABLE public.core_user ALTER COLUMN id ADD GENERATED BY DEFAULT AS IDENTITY (
    SEQUENCE NAME public.core_user_id_seq
    START WITH 1
    INCREMENT BY 1
    NO MINVALUE
    NO MAXVALUE
    CACHE 1
);


--
-- Name: core_user_user_permissions; Type: TABLE; Schema: public; Owner: vladimir
--

CREATE TABLE public.core_user_user_permissions (
    id bigint NOT NULL,
    user_id bigint NOT NULL,
    permission_id integer NOT NULL
);


ALTER TABLE public.core_user_user_permissions OWNER TO vladimir;

--
-- Name: core_user_user_permissions_id_seq; Type: SEQUENCE; Schema: public; Owner: vladimir
--

ALTER TABLE public.core_user_user_permissions ALTER COLUMN id ADD GENERATED BY DEFAULT AS IDENTITY (
    SEQUENCE NAME public.core_user_user_permissions_id_seq
    START WITH 1
    INCREMENT BY 1
    NO MINVALUE
    NO MAXVALUE
    CACHE 1
);


--
-- Name: django_admin_log; Type: TABLE; Schema: public; Owner: vladimir
--

CREATE TABLE public.django_admin_log (
    id integer NOT NULL,
    action_time timestamp with time zone NOT NULL,
    object_id text,
    object_repr character varying(200) NOT NULL,
    action_flag smallint NOT NULL,
    change_message text NOT NULL,
    content_type_id integer,
    user_id bigint NOT NULL,
    CONSTRAINT django_admin_log_action_flag_check CHECK ((action_flag >= 0))
);


ALTER TABLE public.django_admin_log OWNER TO vladimir;

--
-- Name: django_admin_log_id_seq; Type: SEQUENCE; Schema: public; Owner: vladimir
--

ALTER TABLE public.django_admin_log ALTER COLUMN id ADD GENERATED BY DEFAULT AS IDENTITY (
    SEQUENCE NAME public.django_admin_log_id_seq
    START WITH 1
    INCREMENT BY 1
    NO MINVALUE
    NO MAXVALUE
    CACHE 1
);


--
-- Name: django_content_type; Type: TABLE; Schema: public; Owner: vladimir
--

CREATE TABLE public.django_content_type (
    id integer NOT NULL,
    app_label character varying(100) NOT NULL,
    model character varying(100) NOT NULL
);


ALTER TABLE public.django_content_type OWNER TO vladimir;

--
-- Name: django_content_type_id_seq; Type: SEQUENCE; Schema: public; Owner: vladimir
--

ALTER TABLE public.django_content_type ALTER COLUMN id ADD GENERATED BY DEFAULT AS IDENTITY (
    SEQUENCE NAME public.django_content_type_id_seq
    START WITH 1
    INCREMENT BY 1
    NO MINVALUE
    NO MAXVALUE
    CACHE 1
);


--
-- Name: django_migrations; Type: TABLE; Schema: public; Owner: vladimir
--

CREATE TABLE public.django_migrations (
    id bigint NOT NULL,
    app character varying(255) NOT NULL,
    name character varying(255) NOT NULL,
    applied timestamp with time zone NOT NULL
);


ALTER TABLE public.django_migrations OWNER TO vladimir;

--
-- Name: django_migrations_id_seq; Type: SEQUENCE; Schema: public; Owner: vladimir
--

ALTER TABLE public.django_migrations ALTER COLUMN id ADD GENERATED BY DEFAULT AS IDENTITY (
    SEQUENCE NAME public.django_migrations_id_seq
    START WITH 1
    INCREMENT BY 1
    NO MINVALUE
    NO MAXVALUE
    CACHE 1
);


--
-- Name: django_session; Type: TABLE; Schema: public; Owner: vladimir
--

CREATE TABLE public.django_session (
    session_key character varying(40) NOT NULL,
    session_data text NOT NULL,
    expire_date timestamp with time zone NOT NULL
);


ALTER TABLE public.django_session OWNER TO vladimir;

--
-- Name: goals_board; Type: TABLE; Schema: public; Owner: vladimir
--

CREATE TABLE public.goals_board (
    id bigint NOT NULL,
    created timestamp with time zone NOT NULL,
    updated timestamp with time zone NOT NULL,
    title character varying(255) NOT NULL,
    is_deleted boolean NOT NULL
);


ALTER TABLE public.goals_board OWNER TO vladimir;

--
-- Name: goals_board_id_seq; Type: SEQUENCE; Schema: public; Owner: vladimir
--

ALTER TABLE public.goals_board ALTER COLUMN id ADD GENERATED BY DEFAULT AS IDENTITY (
    SEQUENCE NAME public.goals_board_id_seq
    START WITH 1
    INCREMENT BY 1
    NO MINVALUE
    NO MAXVALUE
    CACHE 1
);


--
-- Name: goals_boardparticipant; Type: TABLE; Schema: public; Owner: vladimir
--

CREATE TABLE public.goals_boardparticipant (
    board_ptr_id bigint NOT NULL,
    role smallint NOT NULL,
    board_id bigint NOT NULL,
    user_id bigint NOT NULL,
    CONSTRAINT goals_boardparticipant_role_check CHECK ((role >= 0))
);


ALTER TABLE public.goals_boardparticipant OWNER TO vladimir;

--
-- Name: goals_goal; Type: TABLE; Schema: public; Owner: vladimir
--

CREATE TABLE public.goals_goal (
    id bigint NOT NULL,
    created timestamp with time zone NOT NULL,
    updated timestamp with time zone NOT NULL,
    title character varying(255) NOT NULL,
    description text,
    due_date date,
    status smallint NOT NULL,
    priority smallint NOT NULL,
    category_id bigint NOT NULL,
    user_id bigint NOT NULL,
    CONSTRAINT goals_goal_priority_check CHECK ((priority >= 0)),
    CONSTRAINT goals_goal_status_check CHECK ((status >= 0))
);


ALTER TABLE public.goals_goal OWNER TO vladimir;

--
-- Name: goals_goal_id_seq; Type: SEQUENCE; Schema: public; Owner: vladimir
--

ALTER TABLE public.goals_goal ALTER COLUMN id ADD GENERATED BY DEFAULT AS IDENTITY (
    SEQUENCE NAME public.goals_goal_id_seq
    START WITH 1
    INCREMENT BY 1
    NO MINVALUE
    NO MAXVALUE
    CACHE 1
);


--
-- Name: goals_goalcategory; Type: TABLE; Schema: public; Owner: vladimir
--

CREATE TABLE public.goals_goalcategory (
    id bigint NOT NULL,
    title character varying(255) NOT NULL,
    is_deleted boolean NOT NULL,
    created timestamp with time zone NOT NULL,
    updated timestamp with time zone NOT NULL,
    user_id bigint NOT NULL,
    board_id bigint NOT NULL
);


ALTER TABLE public.goals_goalcategory OWNER TO vladimir;

--
-- Name: goals_goalcategory_id_seq; Type: SEQUENCE; Schema: public; Owner: vladimir
--

ALTER TABLE public.goals_goalcategory ALTER COLUMN id ADD GENERATED BY DEFAULT AS IDENTITY (
    SEQUENCE NAME public.goals_goalcategory_id_seq
    START WITH 1
    INCREMENT BY 1
    NO MINVALUE
    NO MAXVALUE
    CACHE 1
);


--
-- Name: goals_goalcomment; Type: TABLE; Schema: public; Owner: vladimir
--

CREATE TABLE public.goals_goalcomment (
    id bigint NOT NULL,
    created timestamp with time zone NOT NULL,
    updated timestamp with time zone NOT NULL,
    text text,
    goal_id bigint NOT NULL,
    user_id bigint NOT NULL
);


ALTER TABLE public.goals_goalcomment OWNER TO vladimir;

--
-- Name: goals_goalcomment_id_seq; Type: SEQUENCE; Schema: public; Owner: vladimir
--

ALTER TABLE public.goals_goalcomment ALTER COLUMN id ADD GENERATED BY DEFAULT AS IDENTITY (
    SEQUENCE NAME public.goals_goalcomment_id_seq
    START WITH 1
    INCREMENT BY 1
    NO MINVALUE
    NO MAXVALUE
    CACHE 1
);


--
-- Name: social_auth_association; Type: TABLE; Schema: public; Owner: vladimir
--

CREATE TABLE public.social_auth_association (
    id bigint NOT NULL,
    server_url character varying(255) NOT NULL,
    handle character varying(255) NOT NULL,
    secret character varying(255) NOT NULL,
    issued integer NOT NULL,
    lifetime integer NOT NULL,
    assoc_type character varying(64) NOT NULL
);


ALTER TABLE public.social_auth_association OWNER TO vladimir;

--
-- Name: social_auth_association_id_seq; Type: SEQUENCE; Schema: public; Owner: vladimir
--

ALTER TABLE public.social_auth_association ALTER COLUMN id ADD GENERATED BY DEFAULT AS IDENTITY (
    SEQUENCE NAME public.social_auth_association_id_seq
    START WITH 1
    INCREMENT BY 1
    NO MINVALUE
    NO MAXVALUE
    CACHE 1
);


--
-- Name: social_auth_code; Type: TABLE; Schema: public; Owner: vladimir
--

CREATE TABLE public.social_auth_code (
    id bigint NOT NULL,
    email character varying(254) NOT NULL,
    code character varying(32) NOT NULL,
    verified boolean NOT NULL,
    "timestamp" timestamp with time zone NOT NULL
);


ALTER TABLE public.social_auth_code OWNER TO vladimir;

--
-- Name: social_auth_code_id_seq; Type: SEQUENCE; Schema: public; Owner: vladimir
--

ALTER TABLE public.social_auth_code ALTER COLUMN id ADD GENERATED BY DEFAULT AS IDENTITY (
    SEQUENCE NAME public.social_auth_code_id_seq
    START WITH 1
    INCREMENT BY 1
    NO MINVALUE
    NO MAXVALUE
    CACHE 1
);


--
-- Name: social_auth_nonce; Type: TABLE; Schema: public; Owner: vladimir
--

CREATE TABLE public.social_auth_nonce (
    id bigint NOT NULL,
    server_url character varying(255) NOT NULL,
    "timestamp" integer NOT NULL,
    salt character varying(65) NOT NULL
);


ALTER TABLE public.social_auth_nonce OWNER TO vladimir;

--
-- Name: social_auth_nonce_id_seq; Type: SEQUENCE; Schema: public; Owner: vladimir
--

ALTER TABLE public.social_auth_nonce ALTER COLUMN id ADD GENERATED BY DEFAULT AS IDENTITY (
    SEQUENCE NAME public.social_auth_nonce_id_seq
    START WITH 1
    INCREMENT BY 1
    NO MINVALUE
    NO MAXVALUE
    CACHE 1
);


--
-- Name: social_auth_partial; Type: TABLE; Schema: public; Owner: vladimir
--

CREATE TABLE public.social_auth_partial (
    id bigint NOT NULL,
    token character varying(32) NOT NULL,
    next_step smallint NOT NULL,
    backend character varying(32) NOT NULL,
    data jsonb NOT NULL,
    "timestamp" timestamp with time zone NOT NULL,
    CONSTRAINT social_auth_partial_next_step_check CHECK ((next_step >= 0))
);


ALTER TABLE public.social_auth_partial OWNER TO vladimir;

--
-- Name: social_auth_partial_id_seq; Type: SEQUENCE; Schema: public; Owner: vladimir
--

ALTER TABLE public.social_auth_partial ALTER COLUMN id ADD GENERATED BY DEFAULT AS IDENTITY (
    SEQUENCE NAME public.social_auth_partial_id_seq
    START WITH 1
    INCREMENT BY 1
    NO MINVALUE
    NO MAXVALUE
    CACHE 1
);


--
-- Name: social_auth_usersocialauth; Type: TABLE; Schema: public; Owner: vladimir
--

CREATE TABLE public.social_auth_usersocialauth (
    id bigint NOT NULL,
    provider character varying(32) NOT NULL,
    uid character varying(255) NOT NULL,
    extra_data jsonb NOT NULL,
    user_id bigint NOT NULL,
    created timestamp with time zone NOT NULL,
    modified timestamp with time zone NOT NULL
);


ALTER TABLE public.social_auth_usersocialauth OWNER TO vladimir;

--
-- Name: social_auth_usersocialauth_id_seq; Type: SEQUENCE; Schema: public; Owner: vladimir
--

ALTER TABLE public.social_auth_usersocialauth ALTER COLUMN id ADD GENERATED BY DEFAULT AS IDENTITY (
    SEQUENCE NAME public.social_auth_usersocialauth_id_seq
    START WITH 1
    INCREMENT BY 1
    NO MINVALUE
    NO MAXVALUE
    CACHE 1
);


--
-- Data for Name: auth_group; Type: TABLE DATA; Schema: public; Owner: vladimir
--

COPY public.auth_group (id, name) FROM stdin;
\.


--
-- Data for Name: auth_group_permissions; Type: TABLE DATA; Schema: public; Owner: vladimir
--

COPY public.auth_group_permissions (id, group_id, permission_id) FROM stdin;
\.


--
-- Data for Name: auth_permission; Type: TABLE DATA; Schema: public; Owner: vladimir
--

COPY public.auth_permission (id, name, content_type_id, codename) FROM stdin;
1	Can add log entry	1	add_logentry
2	Can change log entry	1	change_logentry
3	Can delete log entry	1	delete_logentry
4	Can view log entry	1	view_logentry
5	Can add permission	2	add_permission
6	Can change permission	2	change_permission
7	Can delete permission	2	delete_permission
8	Can view permission	2	view_permission
9	Can add group	3	add_group
10	Can change group	3	change_group
11	Can delete group	3	delete_group
12	Can view group	3	view_group
13	Can add content type	4	add_contenttype
14	Can change content type	4	change_contenttype
15	Can delete content type	4	delete_contenttype
16	Can view content type	4	view_contenttype
17	Can add session	5	add_session
18	Can change session	5	change_session
19	Can delete session	5	delete_session
20	Can view session	5	view_session
21	Can add Категория	6	add_goalcategory
22	Can change Категория	6	change_goalcategory
23	Can delete Категория	6	delete_goalcategory
24	Can view Категория	6	view_goalcategory
25	Can add Цель	7	add_goal
26	Can change Цель	7	change_goal
27	Can delete Цель	7	delete_goal
28	Can view Цель	7	view_goal
29	Can add Комментарий	8	add_goalcomment
30	Can change Комментарий	8	change_goalcomment
31	Can delete Комментарий	8	delete_goalcomment
32	Can view Комментарий	8	view_goalcomment
33	Can add Доска	9	add_board
34	Can change Доска	9	change_board
35	Can delete Доска	9	delete_board
36	Can view Доска	9	view_board
37	Can add Участник	10	add_boardparticipant
38	Can change Участник	10	change_boardparticipant
39	Can delete Участник	10	delete_boardparticipant
40	Can view Участник	10	view_boardparticipant
41	Can add Пользователь	11	add_user
42	Can change Пользователь	11	change_user
43	Can delete Пользователь	11	delete_user
44	Can view Пользователь	11	view_user
45	Can add association	12	add_association
46	Can change association	12	change_association
47	Can delete association	12	delete_association
48	Can view association	12	view_association
49	Can add code	13	add_code
50	Can change code	13	change_code
51	Can delete code	13	delete_code
52	Can view code	13	view_code
53	Can add nonce	14	add_nonce
54	Can change nonce	14	change_nonce
55	Can delete nonce	14	delete_nonce
56	Can view nonce	14	view_nonce
57	Can add user social auth	15	add_usersocialauth
58	Can change user social auth	15	change_usersocialauth
59	Can delete user social auth	15	delete_usersocialauth
60	Can view user social auth	15	view_usersocialauth
61	Can add partial	16	add_partial
62	Can change partial	16	change_partial
63	Can delete partial	16	delete_partial
64	Can view partial	16	view_partial
\.


--
-- Data for Name: core_user; Type: TABLE DATA; Schema: public; Owner: vladimir
--

COPY public.core_user (id, password, last_login, is_superuser, username, first_name, last_name, email, is_staff, is_active, date_joined) FROM stdin;
2	pbkdf2_sha256$390000$H4HLJ0oHJwh98593Rc7BHp$tvdOsuGkl2ODyQfb2fEGVx5JnQx4WdYaOjdRRnO30Wo=	2023-05-25 06:12:21.742562+00	f	Ivan	Vanya	Ivanov	2@2.ru	f	t	2023-05-22 11:17:50.356113+00
1	pbkdf2_sha256$390000$h68zriWiYtrdFrOHigUxtS$PTn/QDqSXheRE0PmYD6UKpOZ7gB+BB+LvWx4eBA01eI=	2023-05-25 06:19:12.171331+00	f	Semen	Senya	Semenov	2@2.ru	f	t	2023-05-22 11:16:44.390361+00
3	pbkdf2_sha256$390000$b6xrCuwMt8PlnXRjoKHPVA$AS7sXUqNDGRI4OfRbf1It/r1F3Cimrp/UvVQ627Tdw4=	2023-05-23 08:30:10.687339+00	t	Deploy				t	t	2023-05-22 11:30:35.742436+00
\.


--
-- Data for Name: core_user_groups; Type: TABLE DATA; Schema: public; Owner: vladimir
--

COPY public.core_user_groups (id, user_id, group_id) FROM stdin;
\.


--
-- Data for Name: core_user_user_permissions; Type: TABLE DATA; Schema: public; Owner: vladimir
--

COPY public.core_user_user_permissions (id, user_id, permission_id) FROM stdin;
\.


--
-- Data for Name: django_admin_log; Type: TABLE DATA; Schema: public; Owner: vladimir
--

COPY public.django_admin_log (id, action_time, object_id, object_repr, action_flag, change_message, content_type_id, user_id) FROM stdin;
\.


--
-- Data for Name: django_content_type; Type: TABLE DATA; Schema: public; Owner: vladimir
--

COPY public.django_content_type (id, app_label, model) FROM stdin;
1	admin	logentry
2	auth	permission
3	auth	group
4	contenttypes	contenttype
5	sessions	session
6	goals	goalcategory
7	goals	goal
8	goals	goalcomment
9	goals	board
10	goals	boardparticipant
11	core	user
12	social_django	association
13	social_django	code
14	social_django	nonce
15	social_django	usersocialauth
16	social_django	partial
\.


--
-- Data for Name: django_migrations; Type: TABLE DATA; Schema: public; Owner: vladimir
--

COPY public.django_migrations (id, app, name, applied) FROM stdin;
1	contenttypes	0001_initial	2023-05-22 11:13:51.476378+00
2	contenttypes	0002_remove_content_type_name	2023-05-22 11:13:51.480528+00
3	auth	0001_initial	2023-05-22 11:13:51.50109+00
4	auth	0002_alter_permission_name_max_length	2023-05-22 11:13:51.503772+00
5	auth	0003_alter_user_email_max_length	2023-05-22 11:13:51.506384+00
6	auth	0004_alter_user_username_opts	2023-05-22 11:13:51.50941+00
7	auth	0005_alter_user_last_login_null	2023-05-22 11:13:51.512162+00
8	auth	0006_require_contenttypes_0002	2023-05-22 11:13:51.513502+00
9	auth	0007_alter_validators_add_error_messages	2023-05-22 11:13:51.51701+00
10	auth	0008_alter_user_username_max_length	2023-05-22 11:13:51.521766+00
11	auth	0009_alter_user_last_name_max_length	2023-05-22 11:13:51.524593+00
12	auth	0010_alter_group_name_max_length	2023-05-22 11:13:51.527587+00
13	auth	0011_update_proxy_permissions	2023-05-22 11:13:51.529953+00
14	auth	0012_alter_user_first_name_max_length	2023-05-22 11:13:51.533028+00
15	core	0001_initial	2023-05-22 11:13:51.551278+00
16	admin	0001_initial	2023-05-22 11:13:51.565017+00
17	admin	0002_logentry_remove_auto_add	2023-05-22 11:13:51.569068+00
18	admin	0003_logentry_add_action_flag_choices	2023-05-22 11:13:51.572938+00
19	goals	0001_initial	2023-05-22 11:13:51.583326+00
20	goals	0002_added_goals_category_model	2023-05-22 11:13:51.589123+00
21	goals	0003_added_goal_model	2023-05-22 11:13:51.60012+00
22	goals	0004_added_GoalComments	2023-05-22 11:13:51.609188+00
23	goals	0005_board_goalcategory_board_boardparticipant	2023-05-22 11:13:51.626314+00
24	goals	0006_create_new_objects	2023-05-22 11:13:51.631441+00
25	goals	0007_alter_goalcategory_board	2023-05-22 11:13:51.641313+00
26	sessions	0001_initial	2023-05-22 11:13:51.647623+00
27	default	0001_initial	2023-05-22 11:13:51.671258+00
28	social_auth	0001_initial	2023-05-22 11:13:51.671955+00
29	default	0002_add_related_name	2023-05-22 11:13:51.676435+00
30	social_auth	0002_add_related_name	2023-05-22 11:13:51.676945+00
31	default	0003_alter_email_max_length	2023-05-22 11:13:51.679082+00
32	social_auth	0003_alter_email_max_length	2023-05-22 11:13:51.679768+00
33	default	0004_auto_20160423_0400	2023-05-22 11:13:51.685272+00
34	social_auth	0004_auto_20160423_0400	2023-05-22 11:13:51.685863+00
35	social_auth	0005_auto_20160727_2333	2023-05-22 11:13:51.68845+00
36	social_django	0006_partial	2023-05-22 11:13:51.694829+00
37	social_django	0007_code_timestamp	2023-05-22 11:13:51.698138+00
38	social_django	0008_partial_timestamp	2023-05-22 11:13:51.701283+00
39	social_django	0009_auto_20191118_0520	2023-05-22 11:13:51.710039+00
40	social_django	0010_uid_db_index	2023-05-22 11:13:51.716301+00
41	social_django	0011_alter_id_fields	2023-05-22 11:13:51.746204+00
42	social_django	0002_add_related_name	2023-05-22 11:13:51.749416+00
43	social_django	0001_initial	2023-05-22 11:13:51.750019+00
44	social_django	0003_alter_email_max_length	2023-05-22 11:13:51.750523+00
45	social_django	0005_auto_20160727_2333	2023-05-22 11:13:51.751058+00
46	social_django	0004_auto_20160423_0400	2023-05-22 11:13:51.75155+00
\.


--
-- Data for Name: django_session; Type: TABLE DATA; Schema: public; Owner: vladimir
--

COPY public.django_session (session_key, session_data, expire_date) FROM stdin;
rkk9sookqsuelfv32u0iw2u44aa87r5e	.eJxVjDsOwjAQBe_iGlm2119Kes5g7fqDA8iR4qRC3B0ipYD2zcx7sYjb2uI2yhKnzM5MsdPvRpgepe8g37HfZp7mvi4T8V3hBx38OufyvBzu30HD0b51kgq9tEQCpAkagxRSgkcoCgIEYWwWzlMx1pOvohanAZVLVlhdlQb2_gCvlTZ2:1q1YO4:Hbap7KdBoZMj1UDdTD4eGhw_h93yUmxcSiLSU1nx010	2023-06-06 20:13:40.581991+00
g8tboxgthbqgkvaj5m2veogy6rzngot3	.eJxVjDsOwjAQBe_iGlm2119Kes5g7fqDA8iR4qRC3B0ipYD2zcx7sYjb2uI2yhKnzM5MsdPvRpgepe8g37HfZp7mvi4T8V3hBx38OufyvBzu30HD0b51kgq9tEQCpAkagxRSgkcoCgIEYWwWzlMx1pOvohanAZVLVlhdlQb2_gCvlTZ2:1q24Au:7ATnFj0ZGd-mm9mxWJZFNAfAMmce3zOKIlSMWCUO84g	2023-06-08 06:10:12.566694+00
ze0repwkc3hhvl54h12dfb9najk7elx6	.eJxVjMEOwiAQBf-FsyGFBRY8eu83EFhAqoYmpT0Z_92Q9KDXNzPvzXw49uqPnje_JHZlgl1-txjomdsA6RHafeW0tn1bIh8KP2nn85ry63a6fwc19DrqqCcEyBYA85QcBW2yK6g1FNKKEIWQYMgYVAhCOmMtSa1Kksk6o9jnC8YZNqc:1q24Jc:fcPUm3hzFM8qDibYWYr0_C7r8zzo0cEBZ94kuVVXEuY	2023-06-08 06:19:12.17261+00
\.


--
-- Data for Name: goals_board; Type: TABLE DATA; Schema: public; Owner: vladimir
--

COPY public.goals_board (id, created, updated, title, is_deleted) FROM stdin;
2	2023-05-22 11:49:47.802377+00	2023-05-22 11:49:47.802387+00		f
3	2023-05-22 11:50:12.042355+00	2023-05-22 13:06:02.77805+00		f
5	2023-05-22 14:55:50.79761+00	2023-05-22 14:55:50.797622+00		f
1	2023-05-22 11:49:47.798478+00	2023-05-23 08:10:30.896417+00	Semen_Board_1	f
7	2023-05-23 08:10:42.778809+00	2023-05-23 08:10:42.778834+00		f
4	2023-05-22 14:55:50.793738+00	2023-05-23 08:10:42.782558+00	Semen_Board_2	f
8	2023-05-23 20:10:28.254155+00	2023-05-23 20:10:28.254182+00	Semen_Board_3	f
9	2023-05-23 20:10:28.257921+00	2023-05-23 20:10:28.257934+00		f
10	2023-05-25 06:12:43.490916+00	2023-05-25 06:12:43.490956+00	Ivan_Privat_Board	f
11	2023-05-25 06:12:43.496034+00	2023-05-25 06:12:43.496057+00		f
\.


--
-- Data for Name: goals_boardparticipant; Type: TABLE DATA; Schema: public; Owner: vladimir
--

COPY public.goals_boardparticipant (board_ptr_id, role, board_id, user_id) FROM stdin;
2	1	1	1
3	2	1	2
5	1	4	1
7	3	4	2
9	1	8	1
11	1	10	2
\.


--
-- Data for Name: goals_goal; Type: TABLE DATA; Schema: public; Owner: vladimir
--

COPY public.goals_goal (id, created, updated, title, description, due_date, status, priority, category_id, user_id) FROM stdin;
2	2023-05-23 19:33:05.588045+00	2023-05-23 19:33:05.588062+00	Semen_Goal_1	Цель	2023-05-26	1	1	6	1
1	2023-05-23 19:26:13.729937+00	2023-05-23 20:05:15.441353+00	Goal_Ivan_1	цель доски 1	2023-05-25	1	1	4	2
3	2023-05-23 20:08:14.569394+00	2023-05-23 20:08:14.569419+00	Goal_Ivan_2		\N	1	1	1	2
4	2023-05-23 20:11:52.033617+00	2023-05-23 20:11:52.033638+00	Semen_Goal_Privat		\N	1	1	7	1
5	2023-05-25 06:18:07.191738+00	2023-05-25 06:18:07.191759+00	Ivan_Privat_Goal		\N	1	1	8	2
\.


--
-- Data for Name: goals_goalcategory; Type: TABLE DATA; Schema: public; Owner: vladimir
--

COPY public.goals_goalcategory (id, title, is_deleted, created, updated, user_id, board_id) FROM stdin;
3	Semen_Cat_2	f	2023-05-23 07:03:14.55351+00	2023-05-23 07:03:14.553533+00	1	1
1	Semen_Cat_1	f	2023-05-22 12:10:29.748734+00	2023-05-22 13:14:34.832343+00	1	1
4	Ivan_Cat_1	f	2023-05-23 08:09:53.043787+00	2023-05-23 08:09:53.043818+00	2	1
5	Ivan_Cat_2	f	2023-05-23 08:11:11.713422+00	2023-05-23 08:11:11.713446+00	2	1
6	Semen_Cat_Board_2	f	2023-05-23 19:23:51.120978+00	2023-05-23 19:23:51.121005+00	1	4
2	Semen_Cat_2	t	2023-05-22 13:20:26.95517+00	2023-05-23 19:24:35.238585+00	1	1
7	Semen_Cat_Privat	f	2023-05-23 20:11:34.070628+00	2023-05-23 20:11:34.070658+00	1	8
8	Ivan_Privat_Gat	f	2023-05-25 06:17:39.711376+00	2023-05-25 06:18:17.52757+00	2	10
\.


--
-- Data for Name: goals_goalcomment; Type: TABLE DATA; Schema: public; Owner: vladimir
--

COPY public.goals_goalcomment (id, created, updated, text, goal_id, user_id) FROM stdin;
1	2023-05-24 05:44:56.312714+00	2023-05-24 05:45:09.570022+00	Comment Ivan 01	1	2
2	2023-05-24 05:53:24.29003+00	2023-05-24 06:00:14.133615+00	Comment_Semen 01	1	1
36	2023-05-25 10:09:09.599+00	2023-05-25 10:09:13.022+00	Coment_Semen_Privat	4	1
37	2023-05-25 06:18:54.797893+00	2023-05-25 06:18:54.79792+00	Ivan comment in privat category	5	2
\.


--
-- Data for Name: social_auth_association; Type: TABLE DATA; Schema: public; Owner: vladimir
--

COPY public.social_auth_association (id, server_url, handle, secret, issued, lifetime, assoc_type) FROM stdin;
\.


--
-- Data for Name: social_auth_code; Type: TABLE DATA; Schema: public; Owner: vladimir
--

COPY public.social_auth_code (id, email, code, verified, "timestamp") FROM stdin;
\.


--
-- Data for Name: social_auth_nonce; Type: TABLE DATA; Schema: public; Owner: vladimir
--

COPY public.social_auth_nonce (id, server_url, "timestamp", salt) FROM stdin;
\.


--
-- Data for Name: social_auth_partial; Type: TABLE DATA; Schema: public; Owner: vladimir
--

COPY public.social_auth_partial (id, token, next_step, backend, data, "timestamp") FROM stdin;
\.


--
-- Data for Name: social_auth_usersocialauth; Type: TABLE DATA; Schema: public; Owner: vladimir
--

COPY public.social_auth_usersocialauth (id, provider, uid, extra_data, user_id, created, modified) FROM stdin;
\.


--
-- Name: auth_group_id_seq; Type: SEQUENCE SET; Schema: public; Owner: vladimir
--

SELECT pg_catalog.setval('public.auth_group_id_seq', 1, false);


--
-- Name: auth_group_permissions_id_seq; Type: SEQUENCE SET; Schema: public; Owner: vladimir
--

SELECT pg_catalog.setval('public.auth_group_permissions_id_seq', 1, false);


--
-- Name: auth_permission_id_seq; Type: SEQUENCE SET; Schema: public; Owner: vladimir
--

SELECT pg_catalog.setval('public.auth_permission_id_seq', 64, true);


--
-- Name: core_user_groups_id_seq; Type: SEQUENCE SET; Schema: public; Owner: vladimir
--

SELECT pg_catalog.setval('public.core_user_groups_id_seq', 1, false);


--
-- Name: core_user_id_seq; Type: SEQUENCE SET; Schema: public; Owner: vladimir
--

SELECT pg_catalog.setval('public.core_user_id_seq', 3, true);


--
-- Name: core_user_user_permissions_id_seq; Type: SEQUENCE SET; Schema: public; Owner: vladimir
--

SELECT pg_catalog.setval('public.core_user_user_permissions_id_seq', 1, false);


--
-- Name: django_admin_log_id_seq; Type: SEQUENCE SET; Schema: public; Owner: vladimir
--

SELECT pg_catalog.setval('public.django_admin_log_id_seq', 1, false);


--
-- Name: django_content_type_id_seq; Type: SEQUENCE SET; Schema: public; Owner: vladimir
--

SELECT pg_catalog.setval('public.django_content_type_id_seq', 16, true);


--
-- Name: django_migrations_id_seq; Type: SEQUENCE SET; Schema: public; Owner: vladimir
--

SELECT pg_catalog.setval('public.django_migrations_id_seq', 46, true);


--
-- Name: goals_board_id_seq; Type: SEQUENCE SET; Schema: public; Owner: vladimir
--

SELECT pg_catalog.setval('public.goals_board_id_seq', 11, true);


--
-- Name: goals_goal_id_seq; Type: SEQUENCE SET; Schema: public; Owner: vladimir
--

SELECT pg_catalog.setval('public.goals_goal_id_seq', 5, true);


--
-- Name: goals_goalcategory_id_seq; Type: SEQUENCE SET; Schema: public; Owner: vladimir
--

SELECT pg_catalog.setval('public.goals_goalcategory_id_seq', 8, true);


--
-- Name: goals_goalcomment_id_seq; Type: SEQUENCE SET; Schema: public; Owner: vladimir
--

SELECT pg_catalog.setval('public.goals_goalcomment_id_seq', 37, true);


--
-- Name: social_auth_association_id_seq; Type: SEQUENCE SET; Schema: public; Owner: vladimir
--

SELECT pg_catalog.setval('public.social_auth_association_id_seq', 1, false);


--
-- Name: social_auth_code_id_seq; Type: SEQUENCE SET; Schema: public; Owner: vladimir
--

SELECT pg_catalog.setval('public.social_auth_code_id_seq', 1, false);


--
-- Name: social_auth_nonce_id_seq; Type: SEQUENCE SET; Schema: public; Owner: vladimir
--

SELECT pg_catalog.setval('public.social_auth_nonce_id_seq', 1, false);


--
-- Name: social_auth_partial_id_seq; Type: SEQUENCE SET; Schema: public; Owner: vladimir
--

SELECT pg_catalog.setval('public.social_auth_partial_id_seq', 1, false);


--
-- Name: social_auth_usersocialauth_id_seq; Type: SEQUENCE SET; Schema: public; Owner: vladimir
--

SELECT pg_catalog.setval('public.social_auth_usersocialauth_id_seq', 1, false);


--
-- Name: auth_group auth_group_name_key; Type: CONSTRAINT; Schema: public; Owner: vladimir
--

ALTER TABLE ONLY public.auth_group
    ADD CONSTRAINT auth_group_name_key UNIQUE (name);


--
-- Name: auth_group_permissions auth_group_permissions_group_id_permission_id_0cd325b0_uniq; Type: CONSTRAINT; Schema: public; Owner: vladimir
--

ALTER TABLE ONLY public.auth_group_permissions
    ADD CONSTRAINT auth_group_permissions_group_id_permission_id_0cd325b0_uniq UNIQUE (group_id, permission_id);


--
-- Name: auth_group_permissions auth_group_permissions_pkey; Type: CONSTRAINT; Schema: public; Owner: vladimir
--

ALTER TABLE ONLY public.auth_group_permissions
    ADD CONSTRAINT auth_group_permissions_pkey PRIMARY KEY (id);


--
-- Name: auth_group auth_group_pkey; Type: CONSTRAINT; Schema: public; Owner: vladimir
--

ALTER TABLE ONLY public.auth_group
    ADD CONSTRAINT auth_group_pkey PRIMARY KEY (id);


--
-- Name: auth_permission auth_permission_content_type_id_codename_01ab375a_uniq; Type: CONSTRAINT; Schema: public; Owner: vladimir
--

ALTER TABLE ONLY public.auth_permission
    ADD CONSTRAINT auth_permission_content_type_id_codename_01ab375a_uniq UNIQUE (content_type_id, codename);


--
-- Name: auth_permission auth_permission_pkey; Type: CONSTRAINT; Schema: public; Owner: vladimir
--

ALTER TABLE ONLY public.auth_permission
    ADD CONSTRAINT auth_permission_pkey PRIMARY KEY (id);


--
-- Name: core_user_groups core_user_groups_pkey; Type: CONSTRAINT; Schema: public; Owner: vladimir
--

ALTER TABLE ONLY public.core_user_groups
    ADD CONSTRAINT core_user_groups_pkey PRIMARY KEY (id);


--
-- Name: core_user_groups core_user_groups_user_id_group_id_c82fcad1_uniq; Type: CONSTRAINT; Schema: public; Owner: vladimir
--

ALTER TABLE ONLY public.core_user_groups
    ADD CONSTRAINT core_user_groups_user_id_group_id_c82fcad1_uniq UNIQUE (user_id, group_id);


--
-- Name: core_user core_user_pkey; Type: CONSTRAINT; Schema: public; Owner: vladimir
--

ALTER TABLE ONLY public.core_user
    ADD CONSTRAINT core_user_pkey PRIMARY KEY (id);


--
-- Name: core_user_user_permissions core_user_user_permissions_pkey; Type: CONSTRAINT; Schema: public; Owner: vladimir
--

ALTER TABLE ONLY public.core_user_user_permissions
    ADD CONSTRAINT core_user_user_permissions_pkey PRIMARY KEY (id);


--
-- Name: core_user_user_permissions core_user_user_permissions_user_id_permission_id_73ea0daa_uniq; Type: CONSTRAINT; Schema: public; Owner: vladimir
--

ALTER TABLE ONLY public.core_user_user_permissions
    ADD CONSTRAINT core_user_user_permissions_user_id_permission_id_73ea0daa_uniq UNIQUE (user_id, permission_id);


--
-- Name: core_user core_user_username_key; Type: CONSTRAINT; Schema: public; Owner: vladimir
--

ALTER TABLE ONLY public.core_user
    ADD CONSTRAINT core_user_username_key UNIQUE (username);


--
-- Name: django_admin_log django_admin_log_pkey; Type: CONSTRAINT; Schema: public; Owner: vladimir
--

ALTER TABLE ONLY public.django_admin_log
    ADD CONSTRAINT django_admin_log_pkey PRIMARY KEY (id);


--
-- Name: django_content_type django_content_type_app_label_model_76bd3d3b_uniq; Type: CONSTRAINT; Schema: public; Owner: vladimir
--

ALTER TABLE ONLY public.django_content_type
    ADD CONSTRAINT django_content_type_app_label_model_76bd3d3b_uniq UNIQUE (app_label, model);


--
-- Name: django_content_type django_content_type_pkey; Type: CONSTRAINT; Schema: public; Owner: vladimir
--

ALTER TABLE ONLY public.django_content_type
    ADD CONSTRAINT django_content_type_pkey PRIMARY KEY (id);


--
-- Name: django_migrations django_migrations_pkey; Type: CONSTRAINT; Schema: public; Owner: vladimir
--

ALTER TABLE ONLY public.django_migrations
    ADD CONSTRAINT django_migrations_pkey PRIMARY KEY (id);


--
-- Name: django_session django_session_pkey; Type: CONSTRAINT; Schema: public; Owner: vladimir
--

ALTER TABLE ONLY public.django_session
    ADD CONSTRAINT django_session_pkey PRIMARY KEY (session_key);


--
-- Name: goals_board goals_board_pkey; Type: CONSTRAINT; Schema: public; Owner: vladimir
--

ALTER TABLE ONLY public.goals_board
    ADD CONSTRAINT goals_board_pkey PRIMARY KEY (id);


--
-- Name: goals_boardparticipant goals_boardparticipant_board_id_user_id_95ba82a9_uniq; Type: CONSTRAINT; Schema: public; Owner: vladimir
--

ALTER TABLE ONLY public.goals_boardparticipant
    ADD CONSTRAINT goals_boardparticipant_board_id_user_id_95ba82a9_uniq UNIQUE (board_id, user_id);


--
-- Name: goals_boardparticipant goals_boardparticipant_pkey; Type: CONSTRAINT; Schema: public; Owner: vladimir
--

ALTER TABLE ONLY public.goals_boardparticipant
    ADD CONSTRAINT goals_boardparticipant_pkey PRIMARY KEY (board_ptr_id);


--
-- Name: goals_goal goals_goal_pkey; Type: CONSTRAINT; Schema: public; Owner: vladimir
--

ALTER TABLE ONLY public.goals_goal
    ADD CONSTRAINT goals_goal_pkey PRIMARY KEY (id);


--
-- Name: goals_goalcategory goals_goalcategory_pkey; Type: CONSTRAINT; Schema: public; Owner: vladimir
--

ALTER TABLE ONLY public.goals_goalcategory
    ADD CONSTRAINT goals_goalcategory_pkey PRIMARY KEY (id);


--
-- Name: goals_goalcomment goals_goalcomment_pkey; Type: CONSTRAINT; Schema: public; Owner: vladimir
--

ALTER TABLE ONLY public.goals_goalcomment
    ADD CONSTRAINT goals_goalcomment_pkey PRIMARY KEY (id);


--
-- Name: social_auth_association social_auth_association_pkey; Type: CONSTRAINT; Schema: public; Owner: vladimir
--

ALTER TABLE ONLY public.social_auth_association
    ADD CONSTRAINT social_auth_association_pkey PRIMARY KEY (id);


--
-- Name: social_auth_association social_auth_association_server_url_handle_078befa2_uniq; Type: CONSTRAINT; Schema: public; Owner: vladimir
--

ALTER TABLE ONLY public.social_auth_association
    ADD CONSTRAINT social_auth_association_server_url_handle_078befa2_uniq UNIQUE (server_url, handle);


--
-- Name: social_auth_code social_auth_code_email_code_801b2d02_uniq; Type: CONSTRAINT; Schema: public; Owner: vladimir
--

ALTER TABLE ONLY public.social_auth_code
    ADD CONSTRAINT social_auth_code_email_code_801b2d02_uniq UNIQUE (email, code);


--
-- Name: social_auth_code social_auth_code_pkey; Type: CONSTRAINT; Schema: public; Owner: vladimir
--

ALTER TABLE ONLY public.social_auth_code
    ADD CONSTRAINT social_auth_code_pkey PRIMARY KEY (id);


--
-- Name: social_auth_nonce social_auth_nonce_pkey; Type: CONSTRAINT; Schema: public; Owner: vladimir
--

ALTER TABLE ONLY public.social_auth_nonce
    ADD CONSTRAINT social_auth_nonce_pkey PRIMARY KEY (id);


--
-- Name: social_auth_nonce social_auth_nonce_server_url_timestamp_salt_f6284463_uniq; Type: CONSTRAINT; Schema: public; Owner: vladimir
--

ALTER TABLE ONLY public.social_auth_nonce
    ADD CONSTRAINT social_auth_nonce_server_url_timestamp_salt_f6284463_uniq UNIQUE (server_url, "timestamp", salt);


--
-- Name: social_auth_partial social_auth_partial_pkey; Type: CONSTRAINT; Schema: public; Owner: vladimir
--

ALTER TABLE ONLY public.social_auth_partial
    ADD CONSTRAINT social_auth_partial_pkey PRIMARY KEY (id);


--
-- Name: social_auth_usersocialauth social_auth_usersocialauth_pkey; Type: CONSTRAINT; Schema: public; Owner: vladimir
--

ALTER TABLE ONLY public.social_auth_usersocialauth
    ADD CONSTRAINT social_auth_usersocialauth_pkey PRIMARY KEY (id);


--
-- Name: social_auth_usersocialauth social_auth_usersocialauth_provider_uid_e6b5e668_uniq; Type: CONSTRAINT; Schema: public; Owner: vladimir
--

ALTER TABLE ONLY public.social_auth_usersocialauth
    ADD CONSTRAINT social_auth_usersocialauth_provider_uid_e6b5e668_uniq UNIQUE (provider, uid);


--
-- Name: auth_group_name_a6ea08ec_like; Type: INDEX; Schema: public; Owner: vladimir
--

CREATE INDEX auth_group_name_a6ea08ec_like ON public.auth_group USING btree (name varchar_pattern_ops);


--
-- Name: auth_group_permissions_group_id_b120cbf9; Type: INDEX; Schema: public; Owner: vladimir
--

CREATE INDEX auth_group_permissions_group_id_b120cbf9 ON public.auth_group_permissions USING btree (group_id);


--
-- Name: auth_group_permissions_permission_id_84c5c92e; Type: INDEX; Schema: public; Owner: vladimir
--

CREATE INDEX auth_group_permissions_permission_id_84c5c92e ON public.auth_group_permissions USING btree (permission_id);


--
-- Name: auth_permission_content_type_id_2f476e4b; Type: INDEX; Schema: public; Owner: vladimir
--

CREATE INDEX auth_permission_content_type_id_2f476e4b ON public.auth_permission USING btree (content_type_id);


--
-- Name: core_user_groups_group_id_fe8c697f; Type: INDEX; Schema: public; Owner: vladimir
--

CREATE INDEX core_user_groups_group_id_fe8c697f ON public.core_user_groups USING btree (group_id);


--
-- Name: core_user_groups_user_id_70b4d9b8; Type: INDEX; Schema: public; Owner: vladimir
--

CREATE INDEX core_user_groups_user_id_70b4d9b8 ON public.core_user_groups USING btree (user_id);


--
-- Name: core_user_user_permissions_permission_id_35ccf601; Type: INDEX; Schema: public; Owner: vladimir
--

CREATE INDEX core_user_user_permissions_permission_id_35ccf601 ON public.core_user_user_permissions USING btree (permission_id);


--
-- Name: core_user_user_permissions_user_id_085123d3; Type: INDEX; Schema: public; Owner: vladimir
--

CREATE INDEX core_user_user_permissions_user_id_085123d3 ON public.core_user_user_permissions USING btree (user_id);


--
-- Name: core_user_username_36e4f7f7_like; Type: INDEX; Schema: public; Owner: vladimir
--

CREATE INDEX core_user_username_36e4f7f7_like ON public.core_user USING btree (username varchar_pattern_ops);


--
-- Name: django_admin_log_content_type_id_c4bce8eb; Type: INDEX; Schema: public; Owner: vladimir
--

CREATE INDEX django_admin_log_content_type_id_c4bce8eb ON public.django_admin_log USING btree (content_type_id);


--
-- Name: django_admin_log_user_id_c564eba6; Type: INDEX; Schema: public; Owner: vladimir
--

CREATE INDEX django_admin_log_user_id_c564eba6 ON public.django_admin_log USING btree (user_id);


--
-- Name: django_session_expire_date_a5c62663; Type: INDEX; Schema: public; Owner: vladimir
--

CREATE INDEX django_session_expire_date_a5c62663 ON public.django_session USING btree (expire_date);


--
-- Name: django_session_session_key_c0390e0f_like; Type: INDEX; Schema: public; Owner: vladimir
--

CREATE INDEX django_session_session_key_c0390e0f_like ON public.django_session USING btree (session_key varchar_pattern_ops);


--
-- Name: goals_boardparticipant_board_id_8b788041; Type: INDEX; Schema: public; Owner: vladimir
--

CREATE INDEX goals_boardparticipant_board_id_8b788041 ON public.goals_boardparticipant USING btree (board_id);


--
-- Name: goals_boardparticipant_user_id_8f95ea65; Type: INDEX; Schema: public; Owner: vladimir
--

CREATE INDEX goals_boardparticipant_user_id_8f95ea65 ON public.goals_boardparticipant USING btree (user_id);


--
-- Name: goals_goal_category_id_4f825333; Type: INDEX; Schema: public; Owner: vladimir
--

CREATE INDEX goals_goal_category_id_4f825333 ON public.goals_goal USING btree (category_id);


--
-- Name: goals_goal_user_id_31fcb355; Type: INDEX; Schema: public; Owner: vladimir
--

CREATE INDEX goals_goal_user_id_31fcb355 ON public.goals_goal USING btree (user_id);


--
-- Name: goals_goalcategory_board_id_3e2d540d; Type: INDEX; Schema: public; Owner: vladimir
--

CREATE INDEX goals_goalcategory_board_id_3e2d540d ON public.goals_goalcategory USING btree (board_id);


--
-- Name: goals_goalcategory_user_id_b424213c; Type: INDEX; Schema: public; Owner: vladimir
--

CREATE INDEX goals_goalcategory_user_id_b424213c ON public.goals_goalcategory USING btree (user_id);


--
-- Name: goals_goalcomment_goal_id_19bfb29f; Type: INDEX; Schema: public; Owner: vladimir
--

CREATE INDEX goals_goalcomment_goal_id_19bfb29f ON public.goals_goalcomment USING btree (goal_id);


--
-- Name: goals_goalcomment_user_id_f9b08029; Type: INDEX; Schema: public; Owner: vladimir
--

CREATE INDEX goals_goalcomment_user_id_f9b08029 ON public.goals_goalcomment USING btree (user_id);


--
-- Name: social_auth_code_code_a2393167; Type: INDEX; Schema: public; Owner: vladimir
--

CREATE INDEX social_auth_code_code_a2393167 ON public.social_auth_code USING btree (code);


--
-- Name: social_auth_code_code_a2393167_like; Type: INDEX; Schema: public; Owner: vladimir
--

CREATE INDEX social_auth_code_code_a2393167_like ON public.social_auth_code USING btree (code varchar_pattern_ops);


--
-- Name: social_auth_code_timestamp_176b341f; Type: INDEX; Schema: public; Owner: vladimir
--

CREATE INDEX social_auth_code_timestamp_176b341f ON public.social_auth_code USING btree ("timestamp");


--
-- Name: social_auth_partial_timestamp_50f2119f; Type: INDEX; Schema: public; Owner: vladimir
--

CREATE INDEX social_auth_partial_timestamp_50f2119f ON public.social_auth_partial USING btree ("timestamp");


--
-- Name: social_auth_partial_token_3017fea3; Type: INDEX; Schema: public; Owner: vladimir
--

CREATE INDEX social_auth_partial_token_3017fea3 ON public.social_auth_partial USING btree (token);


--
-- Name: social_auth_partial_token_3017fea3_like; Type: INDEX; Schema: public; Owner: vladimir
--

CREATE INDEX social_auth_partial_token_3017fea3_like ON public.social_auth_partial USING btree (token varchar_pattern_ops);


--
-- Name: social_auth_usersocialauth_uid_796e51dc; Type: INDEX; Schema: public; Owner: vladimir
--

CREATE INDEX social_auth_usersocialauth_uid_796e51dc ON public.social_auth_usersocialauth USING btree (uid);


--
-- Name: social_auth_usersocialauth_uid_796e51dc_like; Type: INDEX; Schema: public; Owner: vladimir
--

CREATE INDEX social_auth_usersocialauth_uid_796e51dc_like ON public.social_auth_usersocialauth USING btree (uid varchar_pattern_ops);


--
-- Name: social_auth_usersocialauth_user_id_17d28448; Type: INDEX; Schema: public; Owner: vladimir
--

CREATE INDEX social_auth_usersocialauth_user_id_17d28448 ON public.social_auth_usersocialauth USING btree (user_id);


--
-- Name: auth_group_permissions auth_group_permissio_permission_id_84c5c92e_fk_auth_perm; Type: FK CONSTRAINT; Schema: public; Owner: vladimir
--

ALTER TABLE ONLY public.auth_group_permissions
    ADD CONSTRAINT auth_group_permissio_permission_id_84c5c92e_fk_auth_perm FOREIGN KEY (permission_id) REFERENCES public.auth_permission(id) DEFERRABLE INITIALLY DEFERRED;


--
-- Name: auth_group_permissions auth_group_permissions_group_id_b120cbf9_fk_auth_group_id; Type: FK CONSTRAINT; Schema: public; Owner: vladimir
--

ALTER TABLE ONLY public.auth_group_permissions
    ADD CONSTRAINT auth_group_permissions_group_id_b120cbf9_fk_auth_group_id FOREIGN KEY (group_id) REFERENCES public.auth_group(id) DEFERRABLE INITIALLY DEFERRED;


--
-- Name: auth_permission auth_permission_content_type_id_2f476e4b_fk_django_co; Type: FK CONSTRAINT; Schema: public; Owner: vladimir
--

ALTER TABLE ONLY public.auth_permission
    ADD CONSTRAINT auth_permission_content_type_id_2f476e4b_fk_django_co FOREIGN KEY (content_type_id) REFERENCES public.django_content_type(id) DEFERRABLE INITIALLY DEFERRED;


--
-- Name: core_user_groups core_user_groups_group_id_fe8c697f_fk_auth_group_id; Type: FK CONSTRAINT; Schema: public; Owner: vladimir
--

ALTER TABLE ONLY public.core_user_groups
    ADD CONSTRAINT core_user_groups_group_id_fe8c697f_fk_auth_group_id FOREIGN KEY (group_id) REFERENCES public.auth_group(id) DEFERRABLE INITIALLY DEFERRED;


--
-- Name: core_user_groups core_user_groups_user_id_70b4d9b8_fk_core_user_id; Type: FK CONSTRAINT; Schema: public; Owner: vladimir
--

ALTER TABLE ONLY public.core_user_groups
    ADD CONSTRAINT core_user_groups_user_id_70b4d9b8_fk_core_user_id FOREIGN KEY (user_id) REFERENCES public.core_user(id) DEFERRABLE INITIALLY DEFERRED;


--
-- Name: core_user_user_permissions core_user_user_permi_permission_id_35ccf601_fk_auth_perm; Type: FK CONSTRAINT; Schema: public; Owner: vladimir
--

ALTER TABLE ONLY public.core_user_user_permissions
    ADD CONSTRAINT core_user_user_permi_permission_id_35ccf601_fk_auth_perm FOREIGN KEY (permission_id) REFERENCES public.auth_permission(id) DEFERRABLE INITIALLY DEFERRED;


--
-- Name: core_user_user_permissions core_user_user_permissions_user_id_085123d3_fk_core_user_id; Type: FK CONSTRAINT; Schema: public; Owner: vladimir
--

ALTER TABLE ONLY public.core_user_user_permissions
    ADD CONSTRAINT core_user_user_permissions_user_id_085123d3_fk_core_user_id FOREIGN KEY (user_id) REFERENCES public.core_user(id) DEFERRABLE INITIALLY DEFERRED;


--
-- Name: django_admin_log django_admin_log_content_type_id_c4bce8eb_fk_django_co; Type: FK CONSTRAINT; Schema: public; Owner: vladimir
--

ALTER TABLE ONLY public.django_admin_log
    ADD CONSTRAINT django_admin_log_content_type_id_c4bce8eb_fk_django_co FOREIGN KEY (content_type_id) REFERENCES public.django_content_type(id) DEFERRABLE INITIALLY DEFERRED;


--
-- Name: django_admin_log django_admin_log_user_id_c564eba6_fk_core_user_id; Type: FK CONSTRAINT; Schema: public; Owner: vladimir
--

ALTER TABLE ONLY public.django_admin_log
    ADD CONSTRAINT django_admin_log_user_id_c564eba6_fk_core_user_id FOREIGN KEY (user_id) REFERENCES public.core_user(id) DEFERRABLE INITIALLY DEFERRED;


--
-- Name: goals_boardparticipant goals_boardparticipant_board_id_8b788041_fk_goals_board_id; Type: FK CONSTRAINT; Schema: public; Owner: vladimir
--

ALTER TABLE ONLY public.goals_boardparticipant
    ADD CONSTRAINT goals_boardparticipant_board_id_8b788041_fk_goals_board_id FOREIGN KEY (board_id) REFERENCES public.goals_board(id) DEFERRABLE INITIALLY DEFERRED;


--
-- Name: goals_boardparticipant goals_boardparticipant_board_ptr_id_af6b43a1_fk_goals_board_id; Type: FK CONSTRAINT; Schema: public; Owner: vladimir
--

ALTER TABLE ONLY public.goals_boardparticipant
    ADD CONSTRAINT goals_boardparticipant_board_ptr_id_af6b43a1_fk_goals_board_id FOREIGN KEY (board_ptr_id) REFERENCES public.goals_board(id) DEFERRABLE INITIALLY DEFERRED;


--
-- Name: goals_boardparticipant goals_boardparticipant_user_id_8f95ea65_fk_core_user_id; Type: FK CONSTRAINT; Schema: public; Owner: vladimir
--

ALTER TABLE ONLY public.goals_boardparticipant
    ADD CONSTRAINT goals_boardparticipant_user_id_8f95ea65_fk_core_user_id FOREIGN KEY (user_id) REFERENCES public.core_user(id) DEFERRABLE INITIALLY DEFERRED;


--
-- Name: goals_goal goals_goal_category_id_4f825333_fk_goals_goalcategory_id; Type: FK CONSTRAINT; Schema: public; Owner: vladimir
--

ALTER TABLE ONLY public.goals_goal
    ADD CONSTRAINT goals_goal_category_id_4f825333_fk_goals_goalcategory_id FOREIGN KEY (category_id) REFERENCES public.goals_goalcategory(id) DEFERRABLE INITIALLY DEFERRED;


--
-- Name: goals_goal goals_goal_user_id_31fcb355_fk_core_user_id; Type: FK CONSTRAINT; Schema: public; Owner: vladimir
--

ALTER TABLE ONLY public.goals_goal
    ADD CONSTRAINT goals_goal_user_id_31fcb355_fk_core_user_id FOREIGN KEY (user_id) REFERENCES public.core_user(id) DEFERRABLE INITIALLY DEFERRED;


--
-- Name: goals_goalcategory goals_goalcategory_board_id_3e2d540d_fk_goals_board_id; Type: FK CONSTRAINT; Schema: public; Owner: vladimir
--

ALTER TABLE ONLY public.goals_goalcategory
    ADD CONSTRAINT goals_goalcategory_board_id_3e2d540d_fk_goals_board_id FOREIGN KEY (board_id) REFERENCES public.goals_board(id) DEFERRABLE INITIALLY DEFERRED;


--
-- Name: goals_goalcategory goals_goalcategory_user_id_b424213c_fk_core_user_id; Type: FK CONSTRAINT; Schema: public; Owner: vladimir
--

ALTER TABLE ONLY public.goals_goalcategory
    ADD CONSTRAINT goals_goalcategory_user_id_b424213c_fk_core_user_id FOREIGN KEY (user_id) REFERENCES public.core_user(id) DEFERRABLE INITIALLY DEFERRED;


--
-- Name: goals_goalcomment goals_goalcomment_goal_id_19bfb29f_fk_goals_goal_id; Type: FK CONSTRAINT; Schema: public; Owner: vladimir
--

ALTER TABLE ONLY public.goals_goalcomment
    ADD CONSTRAINT goals_goalcomment_goal_id_19bfb29f_fk_goals_goal_id FOREIGN KEY (goal_id) REFERENCES public.goals_goal(id) DEFERRABLE INITIALLY DEFERRED;


--
-- Name: goals_goalcomment goals_goalcomment_user_id_f9b08029_fk_core_user_id; Type: FK CONSTRAINT; Schema: public; Owner: vladimir
--

ALTER TABLE ONLY public.goals_goalcomment
    ADD CONSTRAINT goals_goalcomment_user_id_f9b08029_fk_core_user_id FOREIGN KEY (user_id) REFERENCES public.core_user(id) DEFERRABLE INITIALLY DEFERRED;


--
-- Name: social_auth_usersocialauth social_auth_usersocialauth_user_id_17d28448_fk_core_user_id; Type: FK CONSTRAINT; Schema: public; Owner: vladimir
--

ALTER TABLE ONLY public.social_auth_usersocialauth
    ADD CONSTRAINT social_auth_usersocialauth_user_id_17d28448_fk_core_user_id FOREIGN KEY (user_id) REFERENCES public.core_user(id) DEFERRABLE INITIALLY DEFERRED;


--
-- PostgreSQL database dump complete
--

